{
  "accuracy": 0.6433333333333333,
  "precision": 0.7373134328358208,
  "recall": 0.6621983914209115,
  "f1": 0.6977401129943502,
  "roc_auc": 0.658643455256227
}